"Geography code","LA code","LA name","Region code","Region name","Net Total Expenditure (x1000)","Gross Total Expenditure (x1000)","Gross Current Expenditure (x1000)","Support provided to carers during the year","Social care-related quality of life score (All)","Social care-related quality of life score (Male)","Social care-related quality of life score (Female)","age_group","Number of requests for support received from new clients","New clients with an episode of ST-Max care and a known sequel","Long Term Support during the year","Social care-related quality of life score"
"E10000006",102,"Cumbria","E12000002","North West",145170,180112,178651,12740,20.0,19.8,20.1,"18 to 64",5210,200.0,2550.0,20.1
"E10000006",102,"Cumbria","E12000002","North West",145170,180112,178651,12740,20.0,19.8,20.1,"65 and over",12220,1620.0,5400.0,19.9
"E06000057",104,"Northumberland","E12000001","North East",89534,116270,116270,2235,19.2,19.2,19.2,"18 to 64",2925,1265.0,1965.0,19.0
"E06000057",104,"Northumberland","E12000001","North East",89534,116270,116270,2235,19.2,19.2,19.2,"65 and over",13000,6290.0,4775.0,19.3
"E08000037",106,"Gateshead","E12000001","North East",74038,89074,85646,1465,19.5,19.7,19.3,"18 to 64",1590,100.0,850.0,20.5
"E08000037",106,"Gateshead","E12000001","North East",74038,89074,85646,1465,19.5,19.7,19.3,"65 and over",5020,790.0,2695.0,19.1
"E08000021",107,"Newcastle upon Tyne","E12000001","North East",98594,116935,116681,2300,19.2,19.5,19.0,"18 to 64",3075,190.0,1755.0,19.7
"E08000021",107,"Newcastle upon Tyne","E12000001","North East",98594,116935,116681,2300,19.2,19.5,19.0,"65 and over",6890,1640.0,3355.0,18.9
"E08000022",108,"North Tyneside","E12000001","North East",58473,70864,70489,1590,19.2,19.2,19.1,"18 to 64",4555,305.0,1165.0,19.5
"E08000022",108,"North Tyneside","E12000001","North East",58473,70864,70489,1590,19.2,19.2,19.1,"65 and over",6735,935.0,2875.0,19.0
"E08000023",109,"South Tyneside","E12000001","North East",47085,56842,56302,415,18.8,19.1,18.7,"18 to 64",5220,55.0,785.0,19.9
"E08000023",109,"South Tyneside","E12000001","North East",47085,56842,56302,415,18.8,19.1,18.7,"65 and over",8695,535.0,2275.0,18.4
"E08000024",110,"Sunderland","E12000001","North East",79235,99476,99170,2760,19.7,19.7,19.6,"18 to 64",4040,195.0,1350.0,20.1
"E08000024",110,"Sunderland","E12000001","North East",79235,99476,99170,2760,19.7,19.7,19.6,"65 and over",9685,2065.0,3225.0,19.5
"E06000001",111,"Hartlepool","E12000001","North East",32245,43892,43892,1835,19.9,20.0,19.9,"18 to 64",1670,280.0,710.0,19.5
"E06000001",111,"Hartlepool","E12000001","North East",32245,43892,43892,1835,19.9,20.0,19.9,"65 and over",1815,755.0,1770.0,20.1
"E06000002",112,"Middlesbrough","E12000001","North East",47401,58492,57496,1600,19.8,20.1,19.7,"18 to 64",1725,40.0,1345.0,19.9
"E06000002",112,"Middlesbrough","E12000001","North East",47401,58492,57496,1600,19.8,20.1,19.7,"65 and over",3100,150.0,2135.0,19.7
"E06000003",113,"Redcar and Cleveland","E12000001","North East",43560,54705,53984,1505,19.4,19.4,19.5,"18 to 64",1325,25.0,1005.0,19.4
"E06000003",113,"Redcar and Cleveland","E12000001","North East",43560,54705,53984,1505,19.4,19.4,19.5,"65 and over",3705,385.0,2255.0,19.5
"E06000004",114,"Stockton-on-Tees","E12000001","North East",53650,68078,67684,855,19.6,19.9,19.5,"18 to 64",1095,90.0,1235.0,19.4
"E06000004",114,"Stockton-on-Tees","E12000001","North East",53650,68078,67684,855,19.6,19.9,19.5,"65 and over",3265,690.0,2635.0,19.8
"E06000047",116,"County Durham","E12000001","North East",133670,173882,173316,5710,19.7,19.6,19.7,"18 to 64",12030,145.0,3200.0,20.2
"E06000047",116,"County Durham","E12000001","North East",133670,173882,173316,5710,19.7,19.6,19.7,"65 and over",11445,1845.0,9135.0,19.5
"E06000005",117,"Darlington","E12000001","North East",30779,38904,38895,310,18.8,19.5,18.3,"18 to 64",2660,50.0,550.0,20.0
"E06000005",117,"Darlington","E12000001","North East",30779,38904,38895,310,18.8,19.5,18.3,"65 and over",3755,675.0,1075.0,18.0
"E08000016",204,"Barnsley","E12000003","Yorkshire and The Humber",48944,61871,60670,1695,20.2,20.4,20.0,"18 to 64",2900,30.0,1010.0,20.2
"E08000016",204,"Barnsley","E12000003","Yorkshire and The Humber",48944,61871,60670,1695,20.2,20.4,20.0,"65 and over",7455,475.0,2655.0,20.2
"E08000017",205,"Doncaster","E12000003","Yorkshire and The Humber",85826,108755,108705,495,18.8,19.1,18.5,"18 to 64",4530,380.0,1395.0,19.3
"E08000017",205,"Doncaster","E12000003","Yorkshire and The Humber",85826,108755,108705,495,18.8,19.1,18.5,"65 and over",11125,2160.0,3400.0,18.3
"E08000018",206,"Rotherham","E12000003","Yorkshire and The Humber",80963,95875,94766,1640,19.3,19.3,19.2,"18 to 64",4460,60.0,1610.0,19.8
"E08000018",206,"Rotherham","E12000003","Yorkshire and The Humber",80963,95875,94766,1640,19.3,19.3,19.2,"65 and over",10410,700.0,3400.0,19.0
"E08000019",207,"Sheffield","E12000003","Yorkshire and The Humber",155027,181482,180779,11730,18.6,18.9,18.4,"18 to 64",21315,545.0,4575.0,19.1
"E08000019",207,"Sheffield","E12000003","Yorkshire and The Humber",155027,181482,180779,11730,18.6,18.9,18.4,"65 and over",10135,2990.0,6660.0,18.3
"E08000032",209,"Bradford","E12000003","Yorkshire and The Humber",136826,165022,163638,2870,19.6,19.9,19.4,"18 to 64",14185,290.0,2745.0,19.9
"E08000032",209,"Bradford","E12000003","Yorkshire and The Humber",136826,165022,163638,2870,19.6,19.9,19.4,"65 and over",51660,2845.0,4725.0,19.4
"E08000033",210,"Calderdale","E12000003","Yorkshire and The Humber",55528,68598,68073,725,19.0,19.1,18.9,"18 to 64",7305,85.0,1150.0,19.7
"E08000033",210,"Calderdale","E12000003","Yorkshire and The Humber",55528,68598,68073,725,19.0,19.1,18.9,"65 and over",28260,855.0,2205.0,18.5
"E08000034",211,"Kirklees","E12000003","Yorkshire and The Humber",112092,135817,135165,4745,19.0,19.4,18.8,"18 to 64",4345,285.0,2140.0,19.7
"E08000034",211,"Kirklees","E12000003","Yorkshire and The Humber",112092,135817,135165,4745,19.0,19.4,18.8,"65 and over",8930,970.0,4055.0,18.7
"E08000035",212,"Leeds","E12000003","Yorkshire and The Humber",251400,281996,271600,4920,19.6,20.0,19.2,"18 to 64",7845,220.0,4260.0,20.4
"E08000035",212,"Leeds","E12000003","Yorkshire and The Humber",251400,281996,271600,4920,19.6,20.0,19.2,"65 and over",21025,2495.0,6985.0,18.9
"E08000036",213,"Wakefield","E12000003","Yorkshire and The Humber",86778,105760,104267,1910,19.4,19.9,19.0,"18 to 64",6170,115.0,2240.0,19.5
"E08000036",213,"Wakefield","E12000003","Yorkshire and The Humber",86778,105760,104267,1910,19.4,19.9,19.0,"65 and over",16620,735.0,3305.0,19.2
"E06000011",214,"East Riding of Yorkshire","E12000003","Yorkshire and The Humber",94054,126535,126543,3475,19.5,19.8,19.2,"18 to 64",4990,60.0,1860.0,19.8
"E06000011",214,"East Riding of Yorkshire","E12000003","Yorkshire and The Humber",94054,126535,126543,3475,19.5,19.8,19.2,"65 and over",16385,820.0,5040.0,19.3
"E06000010",215,"Kingston upon Hull, City of","E12000003","Yorkshire and The Humber",75148,94907,93795,1275,19.6,19.8,19.5,"18 to 64",3360,145.0,1515.0,20.2
"E06000010",215,"Kingston upon Hull, City of","E12000003","Yorkshire and The Humber",75148,94907,93795,1275,19.6,19.8,19.5,"65 and over",7230,750.0,3080.0,19.2
"E06000012",216,"North East Lincolnshire","E12000003","Yorkshire and The Humber",44433,53713,53713,870,19.3,19.8,18.9,"18 to 64",7675,25.0,830.0,20.7
"E06000012",216,"North East Lincolnshire","E12000003","Yorkshire and The Humber",44433,53713,53713,870,19.3,19.8,18.9,"65 and over",5275,145.0,1790.0,18.5
"E06000013",217,"North Lincolnshire","E12000003","Yorkshire and The Humber",42674,51437,49785,1160,19.4,19.5,19.4,"18 to 64",3420,270.0,790.0,20.0
"E06000013",217,"North Lincolnshire","E12000003","Yorkshire and The Humber",42674,51437,49785,1160,19.4,19.5,19.4,"65 and over",8315,1080.0,1430.0,19.0
"E10000023",218,"North Yorkshire","E12000003","Yorkshire and The Humber",181549,220890,217093,3485,19.9,20.0,19.8,"18 to 64",6990,330.0,4280.0,20.2
"E10000023",218,"North Yorkshire","E12000003","Yorkshire and The Humber",181549,220890,217093,3485,19.9,20.0,19.8,"65 and over",19055,2650.0,5685.0,19.7
"E06000014",219,"York","E12000003","Yorkshire and The Humber",55408,68475,68475,1105,18.8,19.2,18.6,"18 to 64",1130,45.0,910.0,19.8
"E06000014",219,"York","E12000003","Yorkshire and The Humber",55408,68475,68475,1105,18.8,19.2,18.6,"65 and over",4425,345.0,1645.0,18.1
"E08000001",304,"Bolton","E12000002","North West",81023,97350,97256,1575,18.6,19.0,18.3,"18 to 64",3275,110.0,2225.0,18.5
"E08000001",304,"Bolton","E12000002","North West",81023,97350,97256,1575,18.6,19.0,18.3,"65 and over",8170,1370.0,3820.0,18.7
"E08000002",305,"Bury","E12000002","North West",59034,70046,69926,890,19.1,19.6,18.8,"18 to 64",1315,75.0,1205.0,19.5
"E08000002",305,"Bury","E12000002","North West",59034,70046,69926,890,19.1,19.6,18.8,"65 and over",3580,850.0,2275.0,18.9
"E08000003",306,"Manchester","E12000002","North West",158371,181543,180590,2350,17.8,17.9,17.7,"18 to 64",10720,235.0,5065.0,17.7
"E08000003",306,"Manchester","E12000002","North West",158371,181543,180590,2350,17.8,17.9,17.7,"65 and over",11270,1390.0,5150.0,17.8
"E08000004",307,"Oldham","E12000002","North West",60825,75901,75311,2195,18.9,19.9,18.3,"18 to 64",2630,50.0,1460.0,19.6
"E08000004",307,"Oldham","E12000002","North West",60825,75901,75311,2195,18.9,19.9,18.3,"65 and over",4485,665.0,2740.0,18.3
"E08000005",308,"Rochdale","E12000002","North West",56438,69890,65556,4760,19.2,19.6,18.9,"18 to 64",2895,145.0,1170.0,19.2
"E08000005",308,"Rochdale","E12000002","North West",56438,69890,65556,4760,19.2,19.6,18.9,"65 and over",4670,960.0,1675.0,19.2
"E08000006",309,"Salford","E12000002","North West",61321,75182,72053,2920,18.7,18.7,18.7,"18 to 64",3985,90.0,2205.0,18.3
"E08000006",309,"Salford","E12000002","North West",61321,75182,72053,2920,18.7,18.7,18.7,"65 and over",5745,790.0,3160.0,19.0
"E08000007",310,"Stockport","E12000002","North West",83140,101179,100850,2545,18.6,18.9,18.3,"18 to 64",800,225.0,2405.0,19.3
"E08000007",310,"Stockport","E12000002","North West",83140,101179,100850,2545,18.6,18.9,18.3,"65 and over",4615,2075.0,4215.0,18.1
"E08000008",311,"Tameside","E12000002","North West",43883,60086,60086,1025,18.8,19.1,18.6,"18 to 64",1495,735.0,1015.0,19.6
"E08000008",311,"Tameside","E12000002","North West",43883,60086,60086,1025,18.8,19.1,18.6,"65 and over",5680,3735.0,2675.0,18.4
"E08000009",312,"Trafford","E12000002","North West",54694,66086,65658,1145,18.6,19.2,18.2,"18 to 64",3440,65.0,950.0,19.5
"E08000009",312,"Trafford","E12000002","North West",54694,66086,65658,1145,18.6,19.2,18.2,"65 and over",8880,770.0,2340.0,18.1
"E08000010",313,"Wigan","E12000002","North West",86867,105039,103998,1415,18.9,19.2,18.7,"18 to 64",3120,125.0,1810.0,19.5
"E08000010",313,"Wigan","E12000002","North West",86867,105039,103998,1415,18.9,19.2,18.7,"65 and over",7520,1005.0,3270.0,18.6
"E08000011",315,"Knowsley","E12000002","North West",53326,65054,64350,2710,19.5,19.6,19.5,"18 to 64",1255,30.0,1140.0,20.2
"E08000011",315,"Knowsley","E12000002","North West",53326,65054,64350,2710,19.5,19.6,19.5,"65 and over",2425,195.0,2200.0,19.0
"E08000012",316,"Liverpool","E12000002","North West",166451,192628,189444,2850,19.2,19.6,18.9,"18 to 64",4530,225.0,3205.0,19.7
"E08000012",316,"Liverpool","E12000002","North West",166451,192628,189444,2850,19.2,19.6,18.9,"65 and over",6525,1795.0,6145.0,18.9
"E08000014",317,"Sefton","E12000002","North West",93751,114134,113528,1575,19.6,19.7,19.5,"18 to 64",3670,100.0,1905.0,19.6
"E08000014",317,"Sefton","E12000002","North West",93751,114134,113528,1575,19.6,19.7,19.5,"65 and over",7260,1030.0,3960.0,19.6
"E08000013",318,"St. Helens","E12000002","North West",50623,62413,62238,2300,19.3,19.8,19.0,"18 to 64",3920,45.0,1225.0,19.7
"E08000013",318,"St. Helens","E12000002","North West",50623,62413,62238,2300,19.3,19.8,19.0,"65 and over",6670,525.0,3190.0,19.1
"E08000015",319,"Wirral","E12000002","North West",89729,110603,110041,815,19.0,19.3,18.9,"18 to 64",2895,265.0,1380.0,18.9
"E08000015",319,"Wirral","E12000002","North West",89729,110603,110041,815,19.0,19.3,18.9,"65 and over",8240,2805.0,3405.0,19.1
"E06000006",321,"Halton","E12000002","North West",44973,54336,54092,625,19.6,19.6,19.6,"18 to 64",475,55.0,950.0,20.1
"E06000006",321,"Halton","E12000002","North West",44973,54336,54092,625,19.6,19.6,19.6,"65 and over",1955,550.0,1310.0,19.1
"E06000007",322,"Warrington","E12000002","North West",63898,77877,77877,4540,18.7,19.4,18.3,"18 to 64",2775,710.0,1125.0,19.0
"E06000007",322,"Warrington","E12000002","North West",63898,77877,77877,4540,18.7,19.4,18.3,"65 and over",6315,615.0,2300.0,18.6
"E10000017",323,"Lancashire","E12000002","North West",401922,490695,488889,12510,19.1,19.1,19.0,"18 to 64",9375,620.0,7610.0,19.3
"E10000017",323,"Lancashire","E12000002","North West",401922,490695,488889,12510,19.1,19.1,19.0,"65 and over",26350,5400.0,15035.0,18.9
"E06000008",324,"Blackburn with Darwen","E12000002","North West",48312,56759,56830,380,19.4,19.3,19.5,"18 to 64",2160,70.0,1010.0,19.8
"E06000008",324,"Blackburn with Darwen","E12000002","North West",48312,56759,56830,380,19.4,19.3,19.5,"65 and over",3525,465.0,1740.0,19.2
"E06000009",325,"Blackpool","E12000002","North West",53263,70395,69999,1300,19.5,19.8,19.3,"18 to 64",1765,220.0,1075.0,19.7
"E06000009",325,"Blackpool","E12000002","North West",53263,70395,69999,1300,19.5,19.8,19.3,"65 and over",3970,1050.0,2530.0,19.4
"E06000049",326,"Cheshire East","E12000002","North West",122866,145497,145492,1740,19.4,19.9,19.1,"18 to 64",5295,2370.0,1685.0,20.2
"E06000049",326,"Cheshire East","E12000002","North West",122866,145497,145492,1740,19.4,19.9,19.1,"65 and over",10925,1520.0,3715.0,19.0
"E06000050",327,"Cheshire West and Chester","E12000002","North West",92506,110356,109447,1355,19.4,19.7,19.2,"18 to 64",1645,80.0,1940.0,20.2
"E06000050",327,"Cheshire West and Chester","E12000002","North West",92506,110356,109447,1355,19.4,19.7,19.2,"65 and over",6210,715.0,3845.0,18.8
"E10000031",404,"Warwickshire","E12000005","West Midlands",139844,176776,176107,3660,19.1,19.6,18.8,"18 to 64",1555,85.0,2435.0,20.0
"E10000031",404,"Warwickshire","E12000005","West Midlands",139844,176776,176107,3660,19.1,19.6,18.8,"65 and over",6385,985.0,6135.0,18.7
"E08000025",406,"Birmingham","E12000005","West Midlands",311937,362819,359999,4015,18.7,19.2,18.4,"18 to 64",12565,135.0,5120.0,19.1
"E08000025",406,"Birmingham","E12000005","West Midlands",311937,362819,359999,4015,18.7,19.2,18.4,"65 and over",22280,680.0,11490.0,18.5
"E08000026",407,"Coventry","E12000005","West Midlands",87954,100886,98884,1585,19.1,19.8,18.7,"18 to 64",3705,125.0,1350.0,19.7
"E08000026",407,"Coventry","E12000005","West Midlands",87954,100886,98884,1585,19.1,19.8,18.7,"65 and over",6660,1495.0,2980.0,18.8
"E08000027",408,"Dudley","E12000005","West Midlands",93647,109570,108707,1295,19.4,19.7,19.2,"18 to 64",4450,95.0,1575.0,20.2
"E08000027",408,"Dudley","E12000005","West Midlands",93647,109570,108707,1295,19.4,19.7,19.2,"65 and over",14035,1140.0,3440.0,19.0
"E08000028",409,"Sandwell","E12000005","West Midlands",89925,105544,104575,835,19.6,20.1,19.2,"18 to 64",1550,200.0,1435.0,20.4
"E08000028",409,"Sandwell","E12000005","West Midlands",89925,105544,104575,835,19.6,20.1,19.2,"65 and over",5175,1550.0,3470.0,19.2
"E08000029",410,"Solihull","E12000005","West Midlands",58845,70850,70850,1495,18.7,19.0,18.6,"18 to 64",1075,20.0,995.0,19.1
"E08000029",410,"Solihull","E12000005","West Midlands",58845,70850,70850,1495,18.7,19.0,18.6,"65 and over",4000,595.0,1945.0,18.6
"E08000030",411,"Walsall","E12000005","West Midlands",68252,79358,79153,595,18.8,19.6,18.3,"18 to 64",2070,70.0,1045.0,19.6
"E08000030",411,"Walsall","E12000005","West Midlands",68252,79358,79153,595,18.8,19.6,18.3,"65 and over",7735,1035.0,2615.0,18.5
"E08000031",412,"Wolverhampton","E12000005","West Midlands",77210,94159,93096,5545,19.2,19.8,18.9,"18 to 64",1915,25.0,1345.0,20.2
"E08000031",412,"Wolverhampton","E12000005","West Midlands",77210,94159,93096,5545,19.2,19.8,18.9,"65 and over",3770,270.0,3205.0,18.7
"E10000028",413,"Staffordshire","E12000005","West Midlands",221803,278094,278094,5165,19.1,19.5,18.8,"18 to 64",5255,410.0,4640.0,19.5
"E10000028",413,"Staffordshire","E12000005","West Midlands",221803,278094,278094,5165,19.1,19.5,18.8,"65 and over",16675,1330.0,9000.0,18.8
"E06000021",414,"Stoke-on-Trent","E12000005","West Midlands",82347,97528,96871,740,19.6,19.8,19.5,"18 to 64",2255,25.0,1225.0,20.4
"E06000021",414,"Stoke-on-Trent","E12000005","West Midlands",82347,97528,96871,740,19.6,19.8,19.5,"65 and over",3745,160.0,3050.0,19.2
"E06000019",415,"Herefordshire, County of","E12000005","West Midlands",61483,72184,71710,545,19.8,20.2,19.6,"18 to 64",980,35.0,1010.0,20.4
"E06000019",415,"Herefordshire, County of","E12000005","West Midlands",61483,72184,71710,545,19.8,20.2,19.6,"65 and over",4945,495.0,2035.0,19.5
"E10000034",416,"Worcestershire","E12000005","West Midlands",162651,187926,187926,1920,18.9,19.2,18.6,"18 to 64",5855,95.0,2635.0,19.6
"E10000034",416,"Worcestershire","E12000005","West Midlands",162651,187926,187926,1920,18.9,19.2,18.6,"65 and over",23455,1650.0,5655.0,18.4
"E06000051",417,"Shropshire","E12000005","West Midlands",103193,121384,120713,195,19.5,19.8,19.4,"18 to 64",1055,55.0,1260.0,20.1
"E06000051",417,"Shropshire","E12000005","West Midlands",103193,121384,120713,195,19.5,19.8,19.4,"65 and over",3490,1015.0,3145.0,19.2
"E06000020",418,"Telford and Wrekin","E12000005","West Midlands",49267,55988,55925,920,19.0,18.9,19.1,"18 to 64",1200,55.0,795.0,19.6
"E06000020",418,"Telford and Wrekin","E12000005","West Midlands",49267,55988,55925,920,19.0,18.9,19.1,"65 and over",2535,625.0,1425.0,18.6
"E10000019",503,"Lincolnshire","E12000004","East Midlands",163405,205564,204915,10325,19.3,20.0,18.8,"18 to 64",8045,200.0,3615.0,19.8
"E10000019",503,"Lincolnshire","E12000004","East Midlands",163405,205564,204915,10325,19.3,20.0,18.8,"65 and over",24145,2465.0,8100.0,19.0
"E10000021",504,"Northamptonshire","E12000004","East Midlands",189152,226139,218193,3030,19.3,19.6,19.0,"18 to 64",2460,225.0,3460.0,19.8
"E10000021",504,"Northamptonshire","E12000004","East Midlands",189152,226139,218193,3030,19.3,19.6,19.0,"65 and over",9615,2815.0,6165.0,18.9
"E10000007",506,"Derbyshire","E12000004","East Midlands",248427,294161,288710,7415,19.3,19.6,19.1,"18 to 64",12640,725.0,3475.0,19.9
"E10000007",506,"Derbyshire","E12000004","East Midlands",248427,294161,288710,7415,19.3,19.6,19.1,"65 and over",39805,3090.0,8350.0,19.0
"E06000015",507,"Derby","E12000004","East Midlands",66910,78322,78322,1255,19.0,19.1,18.9,"18 to 64",3390,80.0,1625.0,19.8
"E06000015",507,"Derby","E12000004","East Midlands",66910,78322,78322,1255,19.0,19.1,18.9,"65 and over",6510,965.0,2820.0,18.3
"E10000018",508,"Leicestershire","E12000004","East Midlands",154769,193729,189494,3855,18.6,19.3,18.2,"18 to 64",5790,185.0,3110.0,19.2
"E10000018",508,"Leicestershire","E12000004","East Midlands",154769,193729,189494,3855,18.6,19.3,18.2,"65 and over",20080,3145.0,6515.0,18.2
"E06000016",509,"Leicester","E12000004","East Midlands",104269,120436,118729,1095,18.8,19.4,18.3,"18 to 64",5755,415.0,2345.0,18.7
"E06000016",509,"Leicester","E12000004","East Midlands",104269,120436,118729,1095,18.8,19.4,18.3,"65 and over",8595,1030.0,3700.0,18.8
"E06000017",510,"Rutland","E12000004","East Midlands",11690,13357,13357,215,20.1,20.1,20.1,"18 to 64",280,5.0,130.0,20.6
"E06000017",510,"Rutland","E12000004","East Midlands",11690,13357,13357,215,20.1,20.1,20.1,"65 and over",1440,255.0,330.0,19.8
"E10000024",511,"Nottinghamshire","E12000004","East Midlands",246018,285638,284043,6185,19.1,19.6,18.8,"18 to 64",5825,1200.0,4385.0,19.1
"E10000024",511,"Nottinghamshire","E12000004","East Midlands",246018,285638,284043,6185,19.1,19.6,18.8,"65 and over",23035,4430.0,7925.0,19.1
"E06000018",512,"Nottingham","E12000004","East Midlands",111901,130454,130253,2455,18.9,19.1,18.7,"18 to 64",6565,130.0,2495.0,18.9
"E06000018",512,"Nottingham","E12000004","East Midlands",111901,130454,130253,2455,18.9,19.1,18.7,"65 and over",6870,885.0,3620.0,18.9
"E10000015",606,"Hertfordshire","E12000006","East of England",355363,409869,408154,4535,19.4,20.1,18.9,"18 to 64",6055,210.0,5165.0,20.3
"E10000015",606,"Hertfordshire","E12000006","East of England",355363,409869,408154,4535,19.4,20.1,18.9,"65 and over",20335,2920.0,9390.0,18.7
"E10000020",607,"Norfolk","E12000006","East of England",312903,372550,354342,4075,18.9,19.1,18.8,"18 to 64",9770,350.0,5270.0,19.1
"E10000020",607,"Norfolk","E12000006","East of England",312903,372550,354342,4075,18.9,19.1,18.8,"65 and over",28485,5810.0,9425.0,18.8
"E10000025",608,"Oxfordshire","E12000008","South East",191539,225812,225812,4105,19.2,19.5,19.0,"18 to 64",2635,200.0,2655.0,19.9
"E10000025",608,"Oxfordshire","E12000008","South East",191539,225812,225812,4105,19.2,19.5,19.0,"65 and over",11480,2285.0,5190.0,18.8
"E10000029",609,"Suffolk","E12000006","East of England",244272,280623,279023,2545,19.4,19.6,19.4,"18 to 64",11460,860.0,3795.0,19.7
"E10000029",609,"Suffolk","E12000006","East of England",244272,280623,279023,2545,19.4,19.6,19.4,"65 and over",28450,3370.0,8670.0,19.3
"E06000032",611,"Luton","E12000006","East of England",60815,69402,69152,1070,19.0,19.3,18.7,"18 to 64",1345,60.0,1320.0,19.3
"E06000032",611,"Luton","E12000006","East of England",60815,69402,69152,1070,19.0,19.3,18.7,"65 and over",3185,620.0,2095.0,18.8
"E10000002",612,"Buckinghamshire","E12000008","South East",145201,169377,167558,925,19.0,19.5,18.6,"18 to 64",2300,35.0,2290.0,20.1
"E10000002",612,"Buckinghamshire","E12000008","South East",145201,169377,167558,925,19.0,19.5,18.6,"65 and over",8380,460.0,3750.0,18.2
"E06000042",613,"Milton Keynes","E12000008","South East",63951,72530,72354,3945,18.6,19.1,18.3,"18 to 64",1860,85.0,955.0,20.0
"E06000042",613,"Milton Keynes","E12000008","South East",63951,72530,72354,3945,18.6,19.1,18.3,"65 and over",3895,660.0,1530.0,17.5
"E06000036",614,"Bracknell Forest","E12000008","South East",32234,36974,36361,300,19.1,19.4,18.8,"18 to 64",375,55.0,480.0,19.2
"E06000036",614,"Bracknell Forest","E12000008","South East",32234,36974,36361,300,19.1,19.4,18.8,"65 and over",1760,380.0,760.0,19.0
"E06000037",615,"West Berkshire","E12000008","South East",49198,59369,59176,1140,19.3,19.3,19.3,"18 to 64",1065,45.0,740.0,19.7
"E06000037",615,"West Berkshire","E12000008","South East",49198,59369,59176,1140,19.3,19.3,19.3,"65 and over",2965,585.0,1375.0,19.0
"E06000038",616,"Reading","E12000008","South East",43875,50886,50374,635,18.9,19.7,18.3,"18 to 64",1210,80.0,860.0,19.4
"E06000038",616,"Reading","E12000008","South East",43875,50886,50374,635,18.9,19.7,18.3,"65 and over",2420,505.0,1165.0,18.5
"E06000039",617,"Slough","E12000008","South East",39060,42176,39695,655,19.0,19.7,18.4,"18 to 64",670,125.0,690.0,19.4
"E06000039",617,"Slough","E12000008","South East",39060,42176,39695,655,19.0,19.7,18.4,"65 and over",1565,620.0,915.0,18.5
"E06000040",618,"Windsor and Maidenhead","E12000008","South East",39412,46424,45927,630,18.9,18.9,19.0,"18 to 64",595,30.0,580.0,19.2
"E06000040",618,"Windsor and Maidenhead","E12000008","South East",39412,46424,45927,630,18.9,18.9,19.0,"65 and over",2905,385.0,1140.0,18.8
"E06000041",619,"Wokingham","E12000008","South East",47398,53292,53261,565,19.1,19.3,18.9,"18 to 64",1105,20.0,795.0,19.2
"E06000041",619,"Wokingham","E12000008","South East",47398,53292,53261,565,19.1,19.3,18.9,"65 and over",3235,285.0,1060.0,18.9
"E10000012",620,"Essex","E12000006","East of England",466907,552955,549197,4050,19.3,20.3,18.7,"18 to 64",9425,2880.0,7575.0,19.8
"E10000012",620,"Essex","E12000006","East of England",466907,552955,549197,4050,19.3,20.3,18.7,"65 and over",24165,5790.0,14195.0,19.0
"E06000033",621,"Southend-on-Sea","E12000006","East of England",41952,52799,52463,1205,19.3,19.8,19.0,"18 to 64",2920,585.0,1700.0,20.0
"E06000033",621,"Southend-on-Sea","E12000006","East of England",41952,52799,52463,1205,19.3,19.8,19.0,"65 and over",5990,1295.0,2370.0,19.0
"E06000034",622,"Thurrock","E12000006","East of England",37143,44697,44643,605,19.2,19.3,19.1,"18 to 64",1785,30.0,705.0,19.6
"E06000034",622,"Thurrock","E12000006","East of England",37143,44697,44643,605,19.2,19.3,19.1,"65 and over",4180,225.0,1545.0,19.0
"E10000003",623,"Cambridgeshire","E12000006","East of England",160166,182261,182261,2935,19.7,20.2,19.3,"18 to 64",3145,135.0,2550.0,20.1
"E10000003",623,"Cambridgeshire","E12000006","East of England",160166,182261,182261,2935,19.7,20.2,19.3,"65 and over",13030,2485.0,4900.0,19.4
"E06000031",624,"Peterborough","E12000006","East of England",44805,50670,49993,1185,19.4,19.0,19.7,"18 to 64",935,65.0,1025.0,19.9
"E06000031",624,"Peterborough","E12000006","East of England",44805,50670,49993,1185,19.4,19.0,19.7,"65 and over",2545,605.0,1900.0,19.1
"E06000055",625,"Bedford","E12000006","East of England",57577,67287,67287,370,19.0,19.2,18.9,"18 to 64",470,30.0,1305.0,19.0
"E06000055",625,"Bedford","E12000006","East of England",57577,67287,67287,370,19.0,19.2,18.9,"65 and over",1295,300.0,2390.0,19.0
"E06000056",626,"Central Bedfordshire","E12000006","East of England",89649,102769,101143,1625,19.2,19.4,19.0,"18 to 64",1375,25.0,1195.0,19.6
"E06000056",626,"Central Bedfordshire","E12000006","East of England",89649,102769,101143,1625,19.2,19.4,19.0,"65 and over",5370,365.0,2560.0,18.9
"E09000007",702,"Camden","E12000007","London",81127,90658,90658,1075,18.2,18.7,17.7,"18 to 64",740,125.0,1475.0,18.6
"E09000007",702,"Camden","E12000007","London",81127,90658,90658,1075,18.2,18.7,17.7,"65 and over",1630,660.0,1850.0,17.8
"E09000011",703,"Greenwich","E12000007","London",86342,96750,96157,585,18.4,18.6,18.3,"18 to 64",2455,85.0,2325.0,18.8
"E09000011",703,"Greenwich","E12000007","London",86342,96750,96157,585,18.4,18.6,18.3,"65 and over",3510,475.0,2625.0,18.1
"E09000012",704,"Hackney","E12000007","London",80300,86390,82618,1135,18.5,19.4,17.7,"18 to 64",4065,35.0,1210.0,19.8
"E09000012",704,"Hackney","E12000007","London",80300,86390,82618,1135,18.5,19.4,17.7,"65 and over",2910,270.0,2010.0,17.5
"E09000013",705,"Hammersmith and Fulham","E12000007","London",56458,61063,60128,665,17.9,18.0,17.8,"18 to 64",945,170.0,940.0,18.2
"E09000013",705,"Hammersmith and Fulham","E12000007","London",56458,61063,60128,665,17.9,18.0,17.8,"65 and over",2045,650.0,2065.0,17.7
"E09000019",706,"Islington","E12000007","London",80549,90094,89743,1060,18.7,19.4,18.2,"18 to 64",3330,65.0,1460.0,19.0
"E09000019",706,"Islington","E12000007","London",80549,90094,89743,1060,18.7,19.4,18.2,"65 and over",3820,405.0,2005.0,18.5
"E09000020",707,"Kensington and Chelsea","E12000007","London",49476,54924,54562,1080,17.9,18.2,17.6,"18 to 64",965,175.0,700.0,17.5
"E09000020",707,"Kensington and Chelsea","E12000007","London",49476,54924,54562,1080,17.9,18.2,17.6,"65 and over",2425,640.0,1375.0,18.1
"E09000022",708,"Lambeth","E12000007","London",98705,107148,107148,1035,18.3,18.7,18.0,"18 to 64",3255,110.0,1825.0,18.3
"E09000022",708,"Lambeth","E12000007","London",98705,107148,107148,1035,18.3,18.7,18.0,"65 and over",3865,460.0,2610.0,18.3
"E09000023",709,"Lewisham","E12000007","London",90721,104357,104225,605,18.8,19.0,18.7,"18 to 64",2695,270.0,1265.0,19.0
"E09000023",709,"Lewisham","E12000007","London",90721,104357,104225,605,18.8,19.0,18.7,"65 and over",4460,1140.0,2350.0,18.7
"E09000028",710,"Southwark","E12000007","London",86811,94831,93863,1490,16.7,16.6,16.9,"18 to 64",1455,170.0,1835.0,16.0
"E09000028",710,"Southwark","E12000007","London",86811,94831,93863,1490,16.7,16.6,16.9,"65 and over",2630,620.0,2480.0,17.5
"E09000030",711,"Tower Hamlets","E12000007","London",100925,107548,107522,1635,18.6,18.8,18.4,"18 to 64",1650,140.0,1640.0,19.0
"E09000030",711,"Tower Hamlets","E12000007","London",100925,107548,107522,1635,18.6,18.8,18.4,"65 and over",2310,370.0,2375.0,18.3
"E09000032",712,"Wandsworth","E12000007","London",88596,98339,98292,690,18.9,19.3,18.6,"18 to 64",860,45.0,1605.0,19.3
"E09000032",712,"Wandsworth","E12000007","London",88596,98339,98292,690,18.9,19.3,18.6,"65 and over",2370,425.0,2380.0,18.6
"E09000033",713,"Westminster","E12000007","London",74486,80921,80741,1120,18.2,18.8,17.8,"18 to 64",1435,280.0,1190.0,18.5
"E09000033",713,"Westminster","E12000007","London",74486,80921,80741,1120,18.2,18.8,17.8,"65 and over",2615,920.0,2040.0,18.0
"E09000001",714,"City of London","E12000007","London",6010,6195,6107,65,19.3,19.9,18.3,"18 to 64",45,5.0,60.0,19.5
"E09000001",714,"City of London","E12000007","London",6010,6195,6107,65,19.3,19.9,18.3,"65 and over",110,20.0,75.0,19.0
"E09000002",716,"Barking and Dagenham","E12000007","London",50444,58030,56991,1330,19.0,19.3,18.8,"18 to 64",6205,110.0,1105.0,19.3
"E09000002",716,"Barking and Dagenham","E12000007","London",50444,58030,56991,1330,19.0,19.3,18.8,"65 and over",6320,605.0,1785.0,18.8
"E09000003",717,"Barnet","E12000007","London",97560,110108,108577,1270,19.0,18.9,19.1,"18 to 64",2360,55.0,2035.0,19.0
"E09000003",717,"Barnet","E12000007","London",97560,110108,108577,1270,19.0,18.9,19.1,"65 and over",6260,715.0,4480.0,19.0
"E09000004",718,"Bexley","E12000007","London",59022,69887,68956,2730,19.1,19.5,18.8,"18 to 64",2565,80.0,1140.0,20.0
"E09000004",718,"Bexley","E12000007","London",59022,69887,68956,2730,19.1,19.5,18.8,"65 and over",5675,755.0,2145.0,18.5
"E09000005",719,"Brent","E12000007","London",77908,89771,89771,900,18.4,18.3,18.5,"18 to 64",1265,90.0,1515.0,19.3
"E09000005",719,"Brent","E12000007","London",77908,89771,89771,900,18.4,18.3,18.5,"65 and over",5295,790.0,3120.0,17.8
"E09000006",720,"Bromley","E12000007","London",75013,90751,90447,2060,18.8,18.9,18.8,"18 to 64",1470,410.0,1710.0,20.3
"E09000006",720,"Bromley","E12000007","London",75013,90751,90447,2060,18.8,18.9,18.8,"65 and over",5035,560.0,2655.0,17.9
"E09000008",721,"Croydon","E12000007","London",119227,135656,146429,1350,18.3,18.5,18.1,"18 to 64",2885,165.0,3245.0,19.4
"E09000008",721,"Croydon","E12000007","London",119227,135656,146429,1350,18.3,18.5,18.1,"65 and over",4460,1095.0,3905.0,17.7
"E09000009",722,"Ealing","E12000007","London",96364,112943,112464,1705,18.0,18.1,18.0,"18 to 64",885,80.0,1535.0,18.4
"E09000009",722,"Ealing","E12000007","London",96364,112943,112464,1705,18.0,18.1,18.0,"65 and over",3755,785.0,3000.0,17.8
"E09000010",723,"Enfield","E12000007","London",73151,92931,92877,2220,18.7,18.8,18.7,"18 to 64",770,65.0,1870.0,18.8
"E09000010",723,"Enfield","E12000007","London",73151,92931,92877,2220,18.7,18.8,18.7,"65 and over",2180,330.0,2755.0,18.6
"E09000014",724,"Haringey","E12000007","London",86228,95536,92900,990,17.9,19.6,16.8,"18 to 64",1050,160.0,1610.0,18.2
"E09000014",724,"Haringey","E12000007","London",86228,95536,92900,990,17.9,19.6,16.8,"65 and over",2600,870.0,2070.0,17.6
"E09000015",725,"Harrow","E12000007","London",72323,81031,80065,915,18.0,18.4,17.7,"18 to 64",3245,60.0,1720.0,18.2
"E09000015",725,"Harrow","E12000007","London",72323,81031,80065,915,18.0,18.4,17.7,"65 and over",4980,615.0,2350.0,17.8
"E09000016",726,"Havering","E12000007","London",63646,75274,75042,2245,18.8,19.3,18.5,"18 to 64",1160,75.0,985.0,19.7
"E09000016",726,"Havering","E12000007","London",63646,75274,75042,2245,18.8,19.3,18.5,"65 and over",5630,960.0,2590.0,18.4
"E09000017",727,"Hillingdon","E12000007","London",73171,83573,84331,760,19.2,19.7,18.8,"18 to 64",1720,75.0,1250.0,20.1
"E09000017",727,"Hillingdon","E12000007","London",73171,83573,84331,760,19.2,19.7,18.8,"65 and over",4900,640.0,2315.0,18.6
"E09000018",728,"Hounslow","E12000007","London",49072,58260,58260,1200,18.4,18.6,18.3,"18 to 64",1925,475.0,935.0,19.5
"E09000018",728,"Hounslow","E12000007","London",49072,58260,58260,1200,18.4,18.6,18.3,"65 and over",4845,2205.0,2015.0,17.8
"E09000021",729,"Kingston upon Thames","E12000007","London",53946,60899,60356,400,19.6,20.0,19.3,"18 to 64",845,50.0,630.0,20.1
"E09000021",729,"Kingston upon Thames","E12000007","London",53946,60899,60356,400,19.6,20.0,19.3,"65 and over",2820,700.0,1005.0,19.2
"E09000024",730,"Merton","E12000007","London",47787,55975,55817,1175,18.8,19.4,18.3,"18 to 64",465,55.0,755.0,19.7
"E09000024",730,"Merton","E12000007","London",47787,55975,55817,1175,18.8,19.4,18.3,"65 and over",1955,515.0,1405.0,18.1
"E09000025",731,"Newham","E12000007","London",81637,87445,86802,3440,18.0,18.0,18.0,"18 to 64",3860,95.0,2000.0,18.5
"E09000025",731,"Newham","E12000007","London",81637,87445,86802,3440,18.0,18.0,18.0,"65 and over",4050,190.0,2760.0,17.6
"E09000026",732,"Redbridge","E12000007","London",64801,79613,79345,5240,19.7,20.0,19.4,"18 to 64",3615,225.0,1620.0,20.5
"E09000026",732,"Redbridge","E12000007","London",64801,79613,79345,5240,19.7,20.0,19.4,"65 and over",13815,1305.0,3155.0,19.2
"E09000027",733,"Richmond upon Thames","E12000007","London",52333,65848,65848,550,20.0,20.1,20.0,"18 to 64",425,100.0,835.0,20.5
"E09000027",733,"Richmond upon Thames","E12000007","London",52333,65848,65848,550,20.0,20.1,20.0,"65 and over",3805,1480.0,1310.0,19.6
"E09000029",734,"Sutton","E12000007","London",51252,60162,60129,720,19.0,19.6,18.6,"18 to 64",815,75.0,850.0,19.5
"E09000029",734,"Sutton","E12000007","London",51252,60162,60129,720,19.0,19.6,18.6,"65 and over",2475,705.0,1320.0,18.6
"E09000031",735,"Waltham Forest","E12000007","London",73960,82519,82447,470,18.2,18.4,18.0,"18 to 64",2410,55.0,1855.0,18.5
"E09000031",735,"Waltham Forest","E12000007","London",73960,82519,82447,470,18.2,18.4,18.0,"65 and over",3590,490.0,2225.0,17.9
"E06000046",803,"Isle of Wight","E12000008","South East",58654,70119,69312,1010,19.4,19.3,19.4,"18 to 64",1700,25.0,915.0,19.6
"E06000046",803,"Isle of Wight","E12000008","South East",58654,70119,69312,1010,19.4,19.3,19.4,"65 and over",4525,625.0,1735.0,19.2
"E10000030",805,"Surrey","E12000008","South East",389462,446689,441282,4255,19.5,19.7,19.4,"18 to 64",6570,240.0,5295.0,19.7
"E10000030",805,"Surrey","E12000008","South East",389462,446689,441282,4255,19.5,19.7,19.4,"65 and over",22880,3845.0,9505.0,19.4
"E10000032",807,"West Sussex","E12000008","South East",213084,267175,267175,6955,19.3,19.6,19.2,"18 to 64",7990,45.0,3640.0,19.8
"E10000032",807,"West Sussex","E12000008","South East",213084,267175,267175,6955,19.3,19.6,19.2,"65 and over",18270,820.0,7255.0,19.0
"E10000009",809,"Dorset","E12000009","South West",143749,172170,170520,3905,19.4,19.8,19.1,"18 to 64",5305,75.0,1655.0,19.9
"E10000009",809,"Dorset","E12000009","South West",143749,172170,170520,3905,19.4,19.8,19.1,"65 and over",14670,1380.0,3875.0,19.2
"E06000028",810,"Bournemouth","E12000009","South West",54492,63500,62578,1520,19.3,19.3,19.3,"18 to 64",2215,280.0,880.0,19.8
"E06000028",810,"Bournemouth","E12000009","South West",54492,63500,62578,1520,19.3,19.3,19.3,"65 and over",4405,1100.0,1925.0,19.0
"E06000029",811,"Poole","E12000009","South West",40493,48444,47938,1305,19.2,19.2,19.2,"18 to 64",1070,5.0,615.0,20.2
"E06000029",811,"Poole","E12000009","South West",40493,48444,47938,1305,19.2,19.2,19.2,"65 and over",2990,195.0,1490.0,18.7
"E10000014",812,"Hampshire","E12000008","South East",379672,442880,426863,7950,19.5,19.3,19.6,"18 to 64",17650,195.0,6430.0,20.1
"E10000014",812,"Hampshire","E12000008","South East",379672,442880,426863,7950,19.5,19.3,19.6,"65 and over",60230,3275.0,10865.0,19.0
"E06000044",813,"Portsmouth","E12000008","South East",52895,65244,64241,1210,19.4,19.6,19.2,"18 to 64",1350,30.0,855.0,20.0
"E06000044",813,"Portsmouth","E12000008","South East",52895,65244,64241,1210,19.4,19.6,19.2,"65 and over",3375,300.0,2150.0,19.1
"E06000045",814,"Southampton","E12000008","South East",71119,84148,83936,2180,19.0,19.2,18.8,"18 to 64",4930,265.0,1225.0,19.1
"E06000045",814,"Southampton","E12000008","South East",71119,84148,83936,2180,19.0,19.2,18.8,"65 and over",4640,1680.0,2150.0,18.8
"E10000011",815,"East Sussex","E12000008","South East",207301,241815,239202,6895,19.7,20.2,19.5,"18 to 64",5785,110.0,3095.0,19.8
"E10000011",815,"East Sussex","E12000008","South East",207301,241815,239202,6895,19.7,20.2,19.5,"65 and over",22985,2015.0,6450.0,19.7
"E06000043",816,"Brighton and Hove","E12000008","South East",88643,106901,105939,1930,18.8,19.2,18.7,"18 to 64",1375,100.0,1660.0,18.7
"E06000043",816,"Brighton and Hove","E12000008","South East",88643,106901,105939,1930,18.8,19.2,18.7,"65 and over",3165,995.0,2625.0,19.0
"E06000054",817,"Wiltshire","E12000009","South West",167539,185598,185598,1135,19.5,20.2,19.0,"18 to 64",2185,45.0,2040.0,20.6
"E06000054",817,"Wiltshire","E12000009","South West",167539,185598,185598,1135,19.5,20.2,19.0,"65 and over",7175,995.0,3990.0,18.8
"E06000030",819,"Swindon","E12000009","South West",66228,75556,74910,1280,19.5,19.2,19.6,"18 to 64",1775,35.0,1090.0,20.0
"E06000030",819,"Swindon","E12000009","South West",66228,75556,74910,1280,19.5,19.2,19.6,"65 and over",5620,395.0,1655.0,19.0
"E10000016",820,"Kent","E12000008","South East",417824,489906,484740,2515,20.0,20.2,19.9,"18 to 64",13105,615.0,7625.0,20.6
"E10000016",820,"Kent","E12000008","South East",417824,489906,484740,2515,20.0,20.2,19.9,"65 and over",36640,7040.0,12570.0,19.3
"E06000035",821,"Medway","E12000008","South East",64628,77209,77186,2770,18.8,19.2,18.6,"18 to 64",2320,245.0,1445.0,19.6
"E06000035",821,"Medway","E12000008","South East",64628,77209,77186,2770,18.8,19.2,18.6,"65 and over",5330,1930.0,2230.0,18.3
"E06000052",902,"Cornwall","E12000009","South West",190560,213947,212775,2795,19.4,19.7,19.2,"18 to 64",3820,355.0,2740.0,19.7
"E06000052",902,"Cornwall","E12000009","South West",190560,213947,212775,2795,19.4,19.7,19.2,"65 and over",15420,2665.0,5910.0,19.2
"E10000013",904,"Gloucestershire","E12000009","South West",164639,192198,186662,5365,19.6,19.9,19.4,"18 to 64",5055,270.0,2290.0,20.7
"E10000013",904,"Gloucestershire","E12000009","South West",164639,192198,186662,5365,19.6,19.9,19.4,"65 and over",22275,1910.0,4325.0,18.8
"E10000027",905,"Somerset","E12000009","South West",146034,172839,172070,1315,19.3,19.5,19.1,"18 to 64",2370,80.0,2730.0,19.6
"E10000027",905,"Somerset","E12000009","South West",146034,172839,172070,1315,19.3,19.5,19.1,"65 and over",8100,1895.0,5300.0,19.0
"E06000053",906,"Isles of Scilly","E12000009","South West",1197,1513,1480,10,"","","","18 to 64",5,"","",""
"E06000053",906,"Isles of Scilly","E12000009","South West",1197,1513,1480,10,"","","","65 and over",40,10.0,30.0,""
"E06000022",908,"Bath and North East Somerset","E12000009","South West",69280,79105,77372,1515,19.7,19.6,19.8,"18 to 64",790,15.0,1010.0,19.6
"E06000022",908,"Bath and North East Somerset","E12000009","South West",69280,79105,77372,1515,19.7,19.6,19.8,"65 and over",2685,130.0,1585.0,19.8
"E06000023",909,"Bristol, City of","E12000009","South West",168747,194056,193537,2315,19.0,19.2,18.9,"18 to 64",5475,105.0,2575.0,18.9
"E06000023",909,"Bristol, City of","E12000009","South West",168747,194056,193537,2315,19.0,19.2,18.9,"65 and over",6100,860.0,4055.0,19.1
"E06000024",910,"North Somerset","E12000009","South West",69676,84703,83950,2135,19.4,19.0,19.9,"18 to 64",2240,75.0,1100.0,19.6
"E06000024",910,"North Somerset","E12000009","South West",69676,84703,83950,2135,19.4,19.0,19.9,"65 and over",8535,450.0,2330.0,19.2
"E06000025",911,"South Gloucestershire","E12000009","South West",92974,108531,108371,780,19.0,19.1,18.9,"18 to 64",1175,25.0,1630.0,19.5
"E06000025",911,"South Gloucestershire","E12000009","South West",92974,108531,108371,780,19.0,19.1,18.9,"65 and over",4795,380.0,2635.0,18.5
"E10000008",912,"Devon","E12000009","South West",257277,311018,302832,3425,19.1,19.0,19.2,"18 to 64",7495,125.0,4555.0,19.2
"E10000008",912,"Devon","E12000009","South West",257277,311018,302832,3425,19.1,19.0,19.2,"65 and over",26200,1180.0,8555.0,19.1
"E06000026",913,"Plymouth","E12000009","South West",79311,94484,94346,1830,19.1,19.3,19.0,"18 to 64",3345,160.0,1760.0,19.1
"E06000026",913,"Plymouth","E12000009","South West",79311,94484,94346,1830,19.1,19.3,19.0,"65 and over",8020,1285.0,3035.0,19.1
"E06000027",914,"Torbay","E12000009","South West",45753,56061,55025,1270,19.4,19.5,19.3,"18 to 64",1600,70.0,1155.0,19.4
"E06000027",914,"Torbay","E12000009","South West",45753,56061,55025,1270,19.4,19.5,19.3,"65 and over",4650,1380.0,1800.0,19.4
